<?xml version="1.0" encoding="UTF-8"?>
<ti:app xmlns:ti="http://ti.appcelerator.org">
    <id>com.voya</id>
    <name>orientationTest</name>
    <version>1.0</version>
    <publisher>Quyen</publisher>
    <url>http://voya.com</url>
    <description>undefined</description>
    <copyright>2019 by Quyen</copyright>
    <icon>appicon.png</icon>
    <fullscreen>false</fullscreen>
    <navbar-hidden>false</navbar-hidden>
    <analytics>true</analytics>
    <guid>9d7fb404-6037-4b09-9ccc-57801c7fa8bb</guid>
    <property name="ti.ui.defaultunit" type="string">dp</property>
    <property name="run-on-main-thread" type="bool">true</property>
    <ios>
        <enable-launch-screen-storyboard>true</enable-launch-screen-storyboard>
        <use-app-thinning>true</use-app-thinning>
        <plist>
            <dict>
                <key>UISupportedInterfaceOrientations~iphone</key>
                <array>
                    <string>UIInterfaceOrientationPortrait</string>
                    <string>UIInterfaceOrientationPortraitUpsideDown</string>
                    <string>UIInterfaceOrientationLandscapeLeft</string>
                    <string>UIInterfaceOrientationLandscapeRight</string>
                </array>
                <key>UISupportedInterfaceOrientations~ipad</key>
                <array>
                    <string>UIInterfaceOrientationPortrait</string>
                    <string>UIInterfaceOrientationPortraitUpsideDown</string>
                    <string>UIInterfaceOrientationLandscapeLeft</string>
                    <string>UIInterfaceOrientationLandscapeRight</string>
                </array>
                <key>UIRequiresPersistentWiFi</key>
                <false/>
                <key>UIPrerenderedIcon</key>
                <false/>
                <key>UIStatusBarHidden</key>
                <false/>
                <key>UIStatusBarStyle</key>
                <string>UIStatusBarStyleDefault</string>
            </dict>
        </plist>
    </ios>
    <android xmlns:android="http://schemas.android.com/apk/res/android">
        <manifest android:versionCode="1" xmlns:android="http://schemas.android.com/apk/res/android"/>
    </android>
    <modules>
        <module platform="commonjs">ti.cloud</module>
        <module platform="iphone">com.appcelerator.apm</module>
    </modules>
    <deployment-targets>
        <target device="android">true</target>
        <target device="ipad">true</target>
        <target device="iphone">true</target>
    </deployment-targets>
    <sdk-version>7.5.0.GA</sdk-version>
    <property name="appc-app-id" type="string">5c5c9306aee4bb1ba39dfd3c</property>
    <property name="acs-authbase-url-development" type="string">https://secure-identity.cloud.appcelerator.com</property>
    <property name="acs-base-url-development" type="string">https://api.cloud.appcelerator.com</property>
    <property name="acs-oauth-secret-development" type="string">ovqYfTBTL1Wx4Y6qB32fkciDQUEzQH37</property>
    <property name="acs-oauth-key-development" type="string">03qiOvowlZxg8PKUGvVjjrNJrfqer3zS</property>
    <property name="acs-api-key-development" type="string">4B8y5ueKea1GniAkyI7O6mGk0djkfp64</property>
    <property name="acs-username-development" type="string">appc_app_user_dev</property>
    <property name="acs-password-development" type="string">ENzoypnqHAVxhdnsG7</property>
    <property name="acs-authbase-url-production" type="string">https://secure-identity.cloud.appcelerator.com</property>
    <property name="acs-base-url-production" type="string">https://api.cloud.appcelerator.com</property>
    <property name="acs-oauth-secret-production" type="string">gsPul9hPTvSbBCEzeCz9LDesnyFvo1tk</property>
    <property name="acs-oauth-key-production" type="string">d2R32zdNpPzom52ebM0ZJLLJTqtRtXqn</property>
    <property name="acs-api-key-production" type="string">Mu5cWQPSEUanGz135TWJsKypxEnCaBYQ</property>
    <property name="acs-username-production" type="string">appc_app_user</property>
    <property name="acs-password-production" type="string">Z3qyYPwzpyy1OVLzRB</property>
    <property name="appc-org-id" type="string">100000359</property>
    <property name="appc-creator-user-id" type="string">eb931fc0-f368-4f7f-9443-76dedcbb1db9</property>
    <property name="com-appcelerator-apm-id" type="string">457de70e3f5b424ba73f04a89d80359600555300</property>
</ti:app>
